Aula;265
KVS;20
A005;20
A008;20
A010;20
A012;20
A105a;20
A107;20
A108;20
A111;20
A206;20
A208;20
A210;20
A211;20
A212;20
A212a;20
A305;20
A307;20
A309;20
A311;20
A409b;20
B002;20
B004;20
B101;20
B103;20
B105;20
B113;20
B201;20
B202;20
B203;20
B205;20
B211;20
B303;20
B305;20
C002;20
C110;20
C111;20
C211;20
C212;20
C306;20
C310;20
C311;20
C312;20
E001;20
E202;20
E203;20
G013;20
G015;20
G016;20
G017;20
G021;20
G030;20
G031;20
G039;20
G045;20
G054;20
G103;20
G111;20
G118;20
G127;20
G130;20
G133;20
G134;20
G137;20
G211;20
G213;20
G217;20
H0307;20
H0406;20
H0406a;20
H0407;20
H0408;20
H0409;20
H0506;20
H0507;20
H0508;20
L011;20
L012;20
L013;20
L014;20
L015;20
L110;20
L111;20
L112;20
L113;20
L114;20
L119;20
L206;20
L207;20
L208;20
L209;20
L210;20
L215;20
L705;20
L308;20
L312;20
L313;20
L316;20
L317;20
K115;20
K126;20
K209;20
online;20
Ob;20
Oe;20
Oi;20
Om;20
On;20
Os;20
Ot;20
Ov;20
Ow;20
Ozb;20
Oze;20
Ozi;20
Ozm;20
Ozn;20
Ozs;20
Ozt;20
Ozv;20
Ozw;20
Ob1;20
Oe1;20
Oi1;20
Om1;20
On1;20
Os1;20
Ot1;20
Ov1;20
Ow1;20
R003;20
R010;20
R104;20
R108;20
S012;20
S016;20
S017;20
S117;20
S211;20
S212;20
S213;20
S218;20
S220;20
S221;20
S322;20
W410;20
X412;20
X413;20
z001;20
z002;20
MED-U;20
